{
    "totalTime": 9.946229934692383,
    "segmentTimes": [
        0.0,
        0.960447371006012,
        0.802162230014801,
        1.1994818449020386,
        1.1993403434753419,
        1.5986533164978028,
        0.8228096961975098,
        0.7181887626647949,
        1.0405511856079102,
        0.8008184432983398,
        0.7980575561523438
    ]
}