{
    "totalTime": 22.724994659423829,
    "segmentTimes": [
        35.065185546875,
        -21.924842834472658,
        0.8014880418777466,
        1.207821011543274,
        1.1910905838012696,
        1.6025352478027344,
        0.8180527687072754,
        0.863983154296875,
        1.4994592666625977,
        0.7972793579101563,
        0.8029413223266602
    ]
}