{
    "totalTime": 10.09424877166748,
    "segmentTimes": [
        0.0,
        1.1028621196746827,
        0.8022547960281372,
        1.1949924230575562,
        1.2061388492584229,
        1.5973172187805176,
        0.8251500129699707,
        0.7358617782592773,
        1.0243878364562989,
        0.7961664199829102,
        0.7972373962402344
    ]
}